{"stats":{"minecraft:dropped":{"minecraft:chorus_flower":2,"minecraft:oak_fence":1,"minecraft:barrier":1,"minecraft:grass_block":2,"minecraft:lava_bucket":2,"minecraft:stone_button":1,"minecraft:white_concrete":1,"minecraft:obsidian":1,"minecraft:purple_stained_glass_pane":1,"minecraft:crying_obsidian":1},"minecraft:mined":{"minecraft:netherrack":168},"minecraft:killed":{"minecraft:camel":1},"minecraft:picked_up":{"minecraft:wooden_axe":1,"minecraft:wheat":1,"minecraft:azure_bluet":1,"minecraft:pale_oak_sign":2,"minecraft:potion":1,"minecraft:birch_button":5,"minecraft:oak_sign":2,"minecraft:pale_oak_button":6,"minecraft:poppy":1,"minecraft:dark_oak_door":6,"minecraft:torch":3,"minecraft:crimson_button":4,"minecraft:stone_button":7,"minecraft:redstone":4,"minecraft:cactus":7,"minecraft:command_block":1,"minecraft:cobblestone":237,"minecraft:pink_petals":1,"minecraft:bedrock":1,"minecraft:dirt":1,"minecraft:lantern":1,"minecraft:wheat_seeds":5,"minecraft:oak_planks":1,"minecraft:dandelion":4,"minecraft:grass_block":4,"minecraft:polished_blackstone_button":1,"minecraft:spruce_button":1,"minecraft:netherrack":168,"minecraft:oak_button":3,"minecraft:oak_sapling":1,"minecraft:chorus_fruit":21},"minecraft:custom":{"minecraft:mob_kills":2,"minecraft:leave_game":13,"minecraft:time_since_death":798,"minecraft:climb_one_cm":5773,"minecraft:sprint_one_cm":420783,"minecraft:walk_one_cm":910785,"minecraft:drop":13,"minecraft:play_time":747931,"minecraft:sneak_time":26108,"minecraft:deaths":25,"minecraft:walk_under_water_one_cm":176412,"minecraft:jump":3307,"minecraft:walk_on_water_one_cm":49223,"minecraft:total_world_time":747950,"minecraft:pot_flower":1,"minecraft:time_since_rest":819,"minecraft:damage_taken":2430,"minecraft:damage_dealt":881,"minecraft:swim_one_cm":32526,"minecraft:fly_one_cm":2862572,"minecraft:open_chest":7,"minecraft:crouch_one_cm":35846,"minecraft:interact_with_smoker":1,"minecraft:fall_one_cm":9470},"minecraft:used":{"minecraft:oak_fence":64,"minecraft:moss_carpet":2,"minecraft:waxed_oxidized_copper_door":7,"minecraft:oak_trapdoor":3,"minecraft:moss_block":2,"minecraft:orange_dye":5,"minecraft:purpur_block":166,"minecraft:cherry_sapling":2,"minecraft:nether_brick_fence":5,"minecraft:netherite_sword":17,"minecraft:jungle_leaves":2,"minecraft:iron_bars":83,"minecraft:orange_concrete":35,"minecraft:dead_bush":6,"minecraft:smooth_quartz_slab":7,"minecraft:red_concrete":34,"minecraft:pale_oak_button":8,"minecraft:redstone":56,"minecraft:ladder":50,"minecraft:oak_sign":7,"minecraft:mangrove_button":3,"minecraft:light_blue_terracotta":1,"minecraft:spruce_planks":47,"minecraft:stone":890,"minecraft:nether_wart":15,"minecraft:wooden_shovel":34,"minecraft:bubble_coral":2,"minecraft:player_head":9,"minecraft:smooth_sandstone_stairs":59,"minecraft:farmland":41,"minecraft:netherrack":912,"minecraft:cut_copper_stairs":12,"minecraft:oak_door":5,"minecraft:debug_stick":32,"minecraft:torch":32,"minecraft:end_stone_brick_wall":19,"minecraft:pale_oak_sign":8,"minecraft:dragon_egg":1,"minecraft:birch_pressure_plate":1,"minecraft:soul_sand":16,"minecraft:dirt":13,"minecraft:warped_wart_block":17,"minecraft:cocoa_beans":13,"minecraft:white_carpet":11,"minecraft:chorus_flower":26,"minecraft:nether_quartz_ore":4,"minecraft:prismarine_bricks":46,"minecraft:spruce_stairs":155,"minecraft:nether_bricks":196,"minecraft:waxed_copper_door":4,"minecraft:stone_stairs":17,"minecraft:waxed_copper_grate":43,"minecraft:acacia_sapling":5,"minecraft:acacia_button":22,"minecraft:pink_dye":2,"minecraft:spruce_fence":37,"minecraft:blue_concrete":24,"minecraft:nether_brick_stairs":13,"minecraft:oxidized_chiseled_copper":4,"minecraft:obsidian":93,"minecraft:waxed_copper_trapdoor":12,"minecraft:jungle_sapling":9,"minecraft:mossy_cobblestone_stairs":12,"minecraft:purple_stained_glass_pane":8,"minecraft:dark_oak_planks":90,"minecraft:crimson_button":9,"minecraft:waxed_oxidized_copper":74,"minecraft:pale_oak_sapling":3,"minecraft:sea_lantern":19,"minecraft:lava_bucket":122,"minecraft:mangrove_log":11,"minecraft:oxidized_copper_grate":6,"minecraft:grass_block":538,"minecraft:waxed_cut_copper":80,"minecraft:red_wool":16,"minecraft:oak_stairs":187,"minecraft:lantern":16,"minecraft:muddy_mangrove_roots":9,"minecraft:rooted_dirt":76,"minecraft:spruce_button":1,"minecraft:slime_block":6,"minecraft:copper_ore":9,"minecraft:smooth_sandstone":62,"minecraft:packed_mud":21,"minecraft:polished_blackstone_brick_wall":9,"minecraft:warped_nylium":141,"minecraft:mossy_cobblestone_slab":15,"minecraft:smooth_quartz":74,"minecraft:polished_blackstone_brick_stairs":25,"minecraft:dark_oak_slab":6,"minecraft:cherry_leaves":3,"minecraft:cherry_button":8,"minecraft:stone_bricks":21,"minecraft:repeater":12,"minecraft:bamboo":11,"minecraft:birch_button":24,"minecraft:purple_concrete":22,"minecraft:bedrock":25,"minecraft:light_gray_wool":27,"minecraft:glowstone":28,"minecraft:basalt":111,"minecraft:vault":2,"minecraft:red_carpet":51,"minecraft:lime_concrete":20,"minecraft:waxed_cut_copper_slab":22,"minecraft:horn_coral":2,"minecraft:warped_fungus":3,"minecraft:mangrove_roots":47,"minecraft:oak_sapling":11,"minecraft:minecart":2,"minecraft:netherite_pickaxe":168,"minecraft:gold_block":65,"minecraft:end_stone_brick_stairs":13,"minecraft:potato":8,"minecraft:red_dye":1,"minecraft:cherry_fence":5,"minecraft:orange_terracotta":12,"minecraft:mangrove_leaves":90,"minecraft:calcite":73,"minecraft:short_grass":2,"minecraft:wheat_seeds":30,"minecraft:chiseled_polished_blackstone":4,"minecraft:emerald_ore":6,"minecraft:dark_oak_stairs":5,"minecraft:water_bucket":137,"minecraft:mossy_stone_bricks":52,"minecraft:waxed_oxidized_cut_copper_slab":21,"minecraft:end_rod":1,"minecraft:amethyst_block":36,"minecraft:end_stone_bricks":187,"minecraft:iron_ore":3,"minecraft:cobblestone_stairs":17,"minecraft:dirt_path":49,"minecraft:birch_planks":46,"minecraft:polished_andesite":25,"minecraft:prismarine":28,"minecraft:oak_planks":275,"minecraft:waxed_oxidized_cut_copper":43,"minecraft:cactus":69,"minecraft:sandstone":84,"minecraft:cherry_planks":43,"minecraft:brown_mushroom":1,"minecraft:end_stone_brick_slab":1,"minecraft:glow_ink_sac":10,"minecraft:waxed_oxidized_copper_trapdoor":7,"minecraft:cobblestone_slab":24,"minecraft:gold_ore":4,"minecraft:purpur_pillar":45,"minecraft:smooth_quartz_stairs":47,"minecraft:cracked_stone_bricks":58,"minecraft:waxed_copper_block":58,"minecraft:polished_blackstone_bricks":104,"minecraft:oak_leaves":34,"minecraft:white_wool":3,"minecraft:brain_coral":4,"minecraft:mossy_cobblestone":127,"minecraft:sand":339,"minecraft:purpur_stairs":83,"minecraft:rail":70,"minecraft:comparator":4,"minecraft:cut_sandstone_slab":6,"minecraft:light_blue_concrete":57,"minecraft:oak_slab":1,"minecraft:crafting_table":2,"minecraft:yellow_concrete":77,"minecraft:campfire":3,"minecraft:white_bed":1,"minecraft:camel_spawn_egg":1,"minecraft:stone_brick_wall":16,"minecraft:end_stone":179,"minecraft:bamboo_button":1,"minecraft:mushroom_stem":10,"minecraft:dark_oak_door":16,"minecraft:nether_gold_ore":2,"minecraft:birch_fence":16,"minecraft:redstone_torch":34,"minecraft:oak_log":134,"minecraft:waxed_chiseled_copper":23,"minecraft:sticky_piston":4,"minecraft:flower_pot":1,"minecraft:yellow_dye":3,"minecraft:black_concrete":1,"minecraft:crying_obsidian":16,"minecraft:chiseled_sandstone":3,"minecraft:cherry_door":2,"minecraft:command_block":77,"minecraft:dark_oak_log":30,"minecraft:lime_carpet":2,"minecraft:light_gray_concrete":14,"minecraft:cracked_polished_blackstone_bricks":22,"minecraft:oak_button":6,"minecraft:string":17,"minecraft:barrier":253,"minecraft:stone_button":40,"minecraft:jungle_stairs":2,"minecraft:cyan_concrete":2,"minecraft:stone_slab":26,"minecraft:purpur_slab":67,"minecraft:spruce_trapdoor":3,"minecraft:gravel":38,"minecraft:crimson_nylium":27,"minecraft:pink_petals":62,"minecraft:chiseled_stone_bricks":7,"minecraft:nether_wart_block":1,"minecraft:crimson_fungus":2,"minecraft:cobblestone":321,"minecraft:cherry_stairs":17,"minecraft:end_crystal":4,"minecraft:kelp":24,"minecraft:stripped_oak_log":70,"minecraft:glass_pane":7,"minecraft:magenta_glazed_terracotta":1,"minecraft:coarse_dirt":54,"minecraft:chest_minecart":5,"minecraft:polished_blackstone_button":4,"minecraft:white_concrete":511,"minecraft:warped_button":32,"minecraft:chorus_plant":31,"minecraft:waxed_copper_bulb":25,"minecraft:brown_mushroom_block":40,"minecraft:bone_meal":480,"minecraft:purple_wool":27,"minecraft:cobweb":2,"minecraft:birch_stairs":1}},"DataVersion":4189}