{"stats":{"minecraft:dropped":{"minecraft:crimson_nylium":1,"minecraft:porkchop":4,"minecraft:wheat_seeds":1,"minecraft:weeping_vines":1,"minecraft:cobblestone":32,"minecraft:command_block":1,"minecraft:grass_block":3,"minecraft:dirt":1,"minecraft:mutton":7,"minecraft:white_concrete":2,"minecraft:potion":1,"minecraft:cactus":3,"minecraft:anvil":1,"minecraft:warped_nylium":1,"minecraft:mangrove_button":1,"minecraft:twisting_vines":1,"minecraft:wheat":1,"minecraft:waxed_copper_block":1,"minecraft:stone":2,"minecraft:chest":1,"minecraft:waxed_oxidized_cut_copper":1,"minecraft:netherrack":1},"minecraft:custom":{"minecraft:interact_with_anvil":5,"minecraft:mob_kills":14,"minecraft:leave_game":7,"minecraft:time_since_death":17467,"minecraft:climb_one_cm":13828,"minecraft:sprint_one_cm":446841,"minecraft:walk_one_cm":879769,"minecraft:drop":28,"minecraft:talked_to_villager":1,"minecraft:play_time":599843,"minecraft:deaths":18,"minecraft:sneak_time":39928,"minecraft:walk_under_water_one_cm":95087,"minecraft:jump":4075,"minecraft:walk_on_water_one_cm":26704,"minecraft:total_world_time":599843,"minecraft:time_since_rest":17497,"minecraft:damage_taken":1136,"minecraft:damage_dealt":4230,"minecraft:player_kills":6,"minecraft:fly_one_cm":2500042,"minecraft:swim_one_cm":52203,"minecraft:open_chest":10,"minecraft:crouch_one_cm":81352,"minecraft:fall_one_cm":8485},"minecraft:killed":{"minecraft:pig":4,"minecraft:wandering_trader":1,"minecraft:frog":4,"minecraft:sheep":3,"minecraft:trader_llama":2},"minecraft:used":{"minecraft:oak_fence":135,"minecraft:tuff_slab":15,"minecraft:purpur_block":59,"minecraft:nether_brick_fence":2,"minecraft:netherite_sword":33,"minecraft:jungle_leaves":47,"minecraft:redstone_ore":18,"minecraft:armor_stand":3,"minecraft:pale_oak_button":1,"minecraft:ladder":1,"minecraft:mangrove_button":6,"minecraft:light_blue_terracotta":1,"minecraft:chest":9,"minecraft:stone":272,"minecraft:smooth_sandstone_stairs":15,"minecraft:farmland":3,"minecraft:netherrack":124,"minecraft:torch":21,"minecraft:brewing_stand":2,"minecraft:dirt":1,"minecraft:mutton":1,"minecraft:ancient_debris":17,"minecraft:anvil":4,"minecraft:chorus_flower":7,"minecraft:nether_quartz_ore":81,"minecraft:twisting_vines":18,"minecraft:nether_bricks":196,"minecraft:waxed_copper_door":3,"minecraft:stone_stairs":11,"minecraft:oak_wood":2,"minecraft:blue_concrete":1,"minecraft:weeping_vines":23,"minecraft:oak_fence_gate":5,"minecraft:oxidized_chiseled_copper":60,"minecraft:jungle_sapling":9,"minecraft:frog_spawn_egg":4,"minecraft:crimson_button":5,"minecraft:lava_bucket":81,"minecraft:mangrove_log":6,"minecraft:oxidized_copper_grate":184,"minecraft:jungle_log":9,"minecraft:muddy_mangrove_roots":1,"minecraft:lantern":4,"minecraft:grass_block":229,"minecraft:oak_stairs":15,"minecraft:rooted_dirt":1,"minecraft:spruce_button":2,"minecraft:smooth_sandstone":2,"minecraft:spawner":3,"minecraft:quartz_block":1,"minecraft:copper_ore":11,"minecraft:chicken_spawn_egg":3,"minecraft:warped_nylium":11,"minecraft:cherry_leaves":6,"minecraft:dark_oak_button":2,"minecraft:stone_bricks":606,"minecraft:item_frame":1,"minecraft:bedrock":1,"minecraft:birch_button":6,"minecraft:vault":1,"minecraft:weathered_cut_copper":143,"minecraft:mangrove_roots":11,"minecraft:jungle_button":7,"minecraft:oxidized_copper":5,"minecraft:oxidized_cut_copper_stairs":46,"minecraft:minecart":3,"minecraft:oxidized_copper_door":1,"minecraft:end_stone_brick_stairs":5,"minecraft:dragon_head":1,"minecraft:cherry_log":3,"minecraft:orange_terracotta":16,"minecraft:mangrove_leaves":33,"minecraft:water_bucket":83,"minecraft:iron_ore":25,"minecraft:cow_spawn_egg":2,"minecraft:end_stone_bricks":18,"minecraft:mangrove_wood":4,"minecraft:amethyst_block":271,"minecraft:chorus_fruit":4,"minecraft:polished_andesite":39,"minecraft:oak_planks":100,"minecraft:waxed_oxidized_cut_copper":58,"minecraft:sandstone":190,"minecraft:purpur_pillar":4,"minecraft:gold_ore":15,"minecraft:polished_blackstone_bricks":41,"minecraft:waxed_copper_block":90,"minecraft:large_amethyst_bud":9,"minecraft:gilded_blackstone":8,"minecraft:jungle_wood":7,"minecraft:mossy_cobblestone":2,"minecraft:sand":114,"minecraft:purpur_stairs":16,"minecraft:rail":31,"minecraft:vine":2,"minecraft:cut_sandstone_slab":2,"minecraft:light_blue_concrete":1,"minecraft:red_bed":1,"minecraft:lime_bed":1,"minecraft:blast_furnace":2,"minecraft:campfire":3,"minecraft:end_stone":55,"minecraft:smoker":3,"minecraft:bamboo_button":3,"minecraft:dark_oak_door":6,"minecraft:nether_gold_ore":72,"minecraft:small_amethyst_bud":15,"minecraft:oak_log":13,"minecraft:black_concrete":2,"minecraft:cherry_hanging_sign":5,"minecraft:chiseled_sandstone":45,"minecraft:mace":1,"minecraft:command_block":1,"minecraft:barrier":228,"minecraft:oak_button":5,"minecraft:pig_spawn_egg":7,"minecraft:stone_button":379,"minecraft:lapis_ore":16,"minecraft:spruce_pressure_plate":1,"minecraft:stone_slab":14,"minecraft:purpur_slab":4,"minecraft:oak_pressure_plate":1,"minecraft:diamond_ore":7,"minecraft:budding_amethyst":6,"minecraft:gravel":84,"minecraft:crimson_nylium":155,"minecraft:nether_wart_block":10,"minecraft:suspicious_gravel":24,"minecraft:cobblestone":3,"minecraft:medium_amethyst_bud":13,"minecraft:chest_minecart":5,"minecraft:polished_blackstone_button":5,"minecraft:waxed_cut_copper_stairs":25,"minecraft:kelp":17,"minecraft:white_concrete":54,"minecraft:coarse_dirt":1,"minecraft:warped_button":1,"minecraft:waxed_copper_bulb":14,"minecraft:bone_meal":23,"minecraft:cobweb":48},"minecraft:mined":{"minecraft:crimson_button":2},"minecraft:picked_up":{"minecraft:wheat":1,"minecraft:lead":2,"minecraft:waxed_oxidized_copper_door":1,"minecraft:dark_oak_door":2,"minecraft:stone":1,"minecraft:crimson_button":4,"minecraft:porkchop":8,"minecraft:stone_button":9,"minecraft:cactus":3,"minecraft:chorus_flower":2,"minecraft:mutton":7,"minecraft:white_wool":3,"minecraft:rail":2,"minecraft:cobblestone":32,"minecraft:waxed_copper_door":1,"minecraft:dark_oak_button":1,"minecraft:leather":2,"minecraft:jungle_button":1,"minecraft:wheat_seeds":1,"minecraft:oak_planks":2,"minecraft:grass_block":17,"minecraft:chorus_fruit":7}},"DataVersion":4189}