{"stats":{"minecraft:killed_by":{"minecraft:player":6},"minecraft:killed":{"minecraft:bat":4,"minecraft:pig":1},"minecraft:mined":{"minecraft:short_grass":3,"minecraft:grass_block":2,"minecraft:tall_grass":1},"minecraft:picked_up":{"minecraft:wheat":1,"minecraft:wheat_seeds":5,"minecraft:porkchop":2,"minecraft:dirt":2},"minecraft:custom":{"minecraft:open_chest":2,"minecraft:time_since_rest":21222,"minecraft:crouch_one_cm":24219,"minecraft:sprint_one_cm":250961,"minecraft:play_time":72164,"minecraft:deaths":13,"minecraft:damage_taken":7028,"minecraft:walk_one_cm":150118,"minecraft:sneak_time":9157,"minecraft:walk_under_water_one_cm":3352,"minecraft:mob_kills":5,"minecraft:drop":2,"minecraft:jump":1098,"minecraft:damage_dealt":735,"minecraft:leave_game":2,"minecraft:walk_on_water_one_cm":5398,"minecraft:time_since_death":21193,"minecraft:total_world_time":72164,"minecraft:climb_one_cm":10265,"minecraft:swim_one_cm":17471,"minecraft:interact_with_crafting_table":2,"minecraft:fall_one_cm":30077,"minecraft:fly_one_cm":759389},"minecraft:used":{"minecraft:crimson_button":1,"minecraft:netherrack":29,"minecraft:netherite_boots":1,"minecraft:glowstone":25,"minecraft:dirt":2,"minecraft:netherite_leggings":1,"minecraft:tnt":1,"minecraft:nether_quartz_ore":24,"minecraft:netherite_chestplate":1,"minecraft:oak_sign":7,"minecraft:netherite_helmet":1,"minecraft:stone":2,"minecraft:netherite_sword":2},"minecraft:dropped":{"minecraft:porkchop":2,"minecraft:glowstone":1}},"DataVersion":4189}